"Date","X1","X2","X3","X4","X5","X6","Europe","Month","MonthDate"
1958-01-31,NA,NA,NA,NA,NA,NA,NA,1,"1958-01"
1958-02-28,NA,NA,NA,NA,NA,NA,NA,2,"1958-02"
1958-03-31,NA,NA,NA,NA,NA,NA,NA,3,"1958-03"
1958-04-30,NA,NA,NA,NA,NA,NA,NA,4,"1958-04"
1958-05-31,NA,NA,NA,NA,NA,NA,NA,5,"1958-05"
1958-06-30,NA,NA,NA,NA,NA,NA,NA,6,"1958-06"
1958-07-31,0.0881017461145304,0.348429813871057,0.0304829086584235,0.131834757955006,0.0151842386318717,0.433882076812301,0.169226590691947,7,"1958-07"
1958-08-31,0.0787114516524114,0.29288290522707,0.241769818743973,0.161853506729284,0.0139829730349428,0.314810275729402,0.167472429726286,8,"1958-08"
1958-09-30,0.140787124984061,0.503071989308313,0.312052905469817,0.204740602614029,0.0392272984731242,0.224094547053436,0.223971758379663,9,"1958-09"
1958-10-31,0.0522710005539266,0.438168358793162,0.161969440687731,0.277760282598207,0.0299934009289743,0.22652671914802,0.187179807653511,10,"1958-10"
1958-11-30,0.268636404831306,0.235930277305401,0.313678026838126,0.215065131298895,0.0611038047386744,0.293621161653362,0.21765499831349,11,"1958-11"
1958-12-31,0.195009110288575,0.0159346250977816,0.406759902437661,0.245453112791319,0.126010019144413,0.323892965624683,0.196959426554181,12,"1958-12"
1959-01-31,0.153622103214748,0.0243065066179861,0.321317376407762,0.129146156299601,0.105691068594018,0.246115559596845,0.148141746353117,1,"1959-01"
1959-02-28,0.384621177910429,0.0778098768663514,0.151691233890364,0.20422982806753,0.186378941622796,0.298763888918856,0.220998935733282,2,"1959-02"
1959-03-31,0.350801192055021,0.0272313421856212,0.0667902097174155,0.272280619355506,0.226600707596426,0.379688887150126,0.226412622581611,3,"1959-03"
1959-04-30,0.371949412101938,0.0310452295743769,0.113193994398194,0.444695703633279,0.298709635675514,0.421292058419034,0.283475926254683,4,"1959-04"
1959-05-31,0.26203897993425,0.0680254998014254,0.0759117977215901,0.440427422331611,0.208551522665717,0.138903991115735,0.20269099598812,5,"1959-05"
1959-06-30,0.437078960716841,0.087637931963031,0.231679430696491,0.344076864958622,0.363229710478696,0.137915225384137,0.277988505976853,6,"1959-06"
1959-07-31,0.720213887679969,0.142425844886881,0.39265387048617,0.325572013446141,0.66080668514385,0.21935837175558,0.436434448661493,7,"1959-07"
1959-08-31,0.541064393545322,0.06117238051368,0.288909911066252,0.196987288556192,0.63571945386076,0.204671462333407,0.348636560091629,8,"1959-08"
1959-09-30,0.751030937342957,0.0990824483263764,0.206363737522588,0.205823704909571,0.402004299683514,0.124357405441298,0.325619258212958,9,"1959-09"
1959-10-31,0.8107142277046,0.0934926240406359,0.29099457233327,0.268302626650454,0.467038242352777,0.0565632628142318,0.359326080228735,10,"1959-10"
1959-11-30,0.70814694081034,0.059833181582481,0.363396228291258,0.161235132311093,0.590858889199709,0.0969141627482515,0.358739663779959,11,"1959-11"
1959-12-31,0.564035578672848,0.0386871697582387,0.516489137237555,0.125021713075505,0.582091150552373,0.295925761062091,0.365207766410983,12,"1959-12"
1960-01-31,0.451345333444573,0.0113080369149624,0.473793006452578,0.165724627807643,0.280324223136758,0.248777545938007,0.265650803753912,1,"1960-01"
1960-02-28,0.439982943490381,0.0189887214524877,0.586116963040871,0.170856241846861,0.114581202718212,0.384437457876769,0.261036036169561,2,"1960-02"
1960-03-31,0.280181835305164,0.00353409395057909,0.754966336146096,0.0121655271304314,0.325246215200397,0.385846331158517,0.269142346818289,3,"1960-03"
1960-04-30,0.310017128997004,0.0122233672961879,0.846547190374035,0.0293630658186468,0.427543453536688,0.311895785685713,0.301070571103735,4,"1960-04"
1960-05-31,0.213992778264637,0.0206822377310992,0.691172051569946,0.022931884469667,0.143369991452806,0.302916391591606,0.20140263586232,5,"1960-05"
1960-06-30,0.232869768284128,0.0779161319447652,0.235803543214478,0.118786533400258,0.195267625931086,0.243751888870808,0.181938625960078,6,"1960-06"
1960-07-31,0.108326992978429,0.0865172594198934,0.38062987934267,0.166380065556552,0.287151819315268,0.288348892596938,0.208686171350205,7,"1960-07"
1960-08-31,0.0231568067781272,0.0430324367671266,0.490740573952753,0.173554421266059,0.240633594026125,0.180115541760041,0.171226340003437,8,"1960-08"
1960-09-30,0.0282116689830526,0.151920755428627,0.406528404480753,0.134176538554949,0.124721851784582,0.0510955274872658,0.13239643237036,9,"1960-09"
1960-10-31,0.053470245541055,0.157309311845943,0.510910624751568,0.0560131077716146,0.0486416988929072,0.512049605229629,0.188782705398082,10,"1960-10"
1960-11-30,0.0574644983450002,0.258179457621748,0.51836164640185,0.0647582001245283,0.057272101206694,0.29780831660483,0.180567858000418,11,"1960-11"
1960-12-31,0.0643107547167083,0.179967932282234,0.698814434460085,0.0164518136053318,0.0421266454146424,0.502906862700038,0.207236730855469,12,"1960-12"
1961-01-31,0.10623113163044,0.102401283101485,0.656626046574627,0.0191511903448727,0.0693355827233682,0.412797541538612,0.190149248083555,1,"1961-01"
1961-02-28,0.158588852532341,0.157731209915441,0.470018630946568,0.0187082749025954,0.134083653318267,0.364276767342719,0.197019347273557,2,"1961-02"
1961-03-31,0.100689765455464,0.152988022685433,0.213663207506179,0.0358440544953652,0.0863636559882613,0.42386161594422,0.157043217916098,3,"1961-03"
1961-04-30,0.0703283406860948,0.20497828926802,0.0827198502452046,0.0879397911703907,0.0515783406860275,0.292874012048091,0.126778206161685,4,"1961-04"
1961-05-31,0.0501519958339106,0.163278850272088,0.0129936919155888,0.10562502220644,0.0219351735279506,0.29272333765614,0.103575428200842,5,"1961-05"
1961-06-30,0.109852026743594,0.351028777266333,0,0.275652421894407,0.0551558944068457,0.163180062539306,0.160963911038911,6,"1961-06"
1961-07-31,0.0611580360556221,0.526260940610079,0,0.286436929629451,0.0944564643447312,0.244451503384313,0.205046933530187,7,"1961-07"
1961-08-31,0.0828303958900983,0.420323433770139,0,0.3138536147335,0.04890444774019,0.359318091118581,0.200854588922993,8,"1961-08"
1961-09-30,0.0422065971464571,0.427270839064018,0.0215048205061287,0.450047489894075,0.0990178469787208,0.280268886028372,0.215862127279336,9,"1961-09"
1961-10-31,0.029860645416438,0.35305355837573,0.0521578891751665,0.482478700748507,0.247555980223996,0.401048668109102,0.258595141600273,10,"1961-10"
1961-11-30,0.0568259983173727,0.179985745167948,0.0380143954161446,0.62617668802999,0.403695064276858,0.245891235765505,0.264001742967725,11,"1961-11"
1961-12-31,0.0653017527067018,0.259433447517418,0.0492321324485688,0.511816764601775,0.313977640686727,0.253364490449715,0.245841820954209,12,"1961-12"
1962-01-31,0.0768199631976142,0.267961732356218,0.025525383601774,0.516282630183195,0.339622710122163,0.258678871338296,0.254125822892368,1,"1962-01"
1962-02-28,0.107709190522471,0.188000285673602,0.0521055768504276,0.23486501996756,0.488820325139964,0.120384041523399,0.220681996458392,2,"1962-02"
1962-03-31,0.0816418712255782,0.0847956174534033,0.029955754142121,0.0181981173447087,0.200051733595087,0.171288915053222,0.106517402153521,3,"1962-03"
1962-04-30,0.113443574016541,0.0568363714642237,0,0.0251030558606198,0.104710209895914,0.0600912534531283,0.0681612856978069,4,"1962-04"
1962-05-31,0.0251956608235226,0.0564108239608263,0.0287499793407961,0.0209661736745799,0.0400714012456974,0.0888965415542846,0.0431636033503524,5,"1962-05"
1962-06-30,0.102523361223657,0.0610234007638527,0.0125472049909986,0.0709217925666727,0.120019174638051,0.182263464259947,0.0959851974985991,6,"1962-06"
1962-07-31,0.198458765139262,0.119178525097372,0.0483436307125978,0.0237319191665124,0.151196252391836,0.290932106322723,0.145180464056178,7,"1962-07"
1962-08-31,0.0962435818161106,0.200014733916786,0.106730089878241,0.268875373263629,0.16222511793679,0.463344499446101,0.209248582871804,8,"1962-08"
1962-09-30,0.107227982868816,0.475814205588507,0.104779285307998,0.492519090022351,0.204739233504392,0.313998762484158,0.281098578134289,9,"1962-09"
1962-10-31,0.158689320991547,0.399231553788112,0.0360328208314754,0.537149141673169,0.205104523980552,0.514013056715302,0.305528691960271,10,"1962-10"
1962-11-30,0.320064898314896,0.215689407678065,0.0784898718240633,0.325406094090665,0.250819381392758,0.556426033335368,0.294429504601805,11,"1962-11"
1962-12-31,0.246878776701949,0.174306426975391,0.062487478862847,0.140513799517727,0.177047648701928,0.168034218116187,0.171032878517454,12,"1962-12"
1963-01-31,0.514433809035718,0.118864066481774,0.0642198769606762,0.0799138067708371,0.193885668932365,0.0909326092309438,0.197642710886867,1,"1963-01"
1963-02-28,0.838838162819391,0.0690141371935297,0.0655458443673795,0.0475762841763202,0.216927780314179,0.0333903846467536,0.244748283349979,2,"1963-02"
1963-03-31,0.880994994215056,0.0225833543126515,0.277856456205963,0.0569258135117957,0.291651686526979,0.0836448417821371,0.293347216666892,3,"1963-03"
1963-04-30,0.830595095271133,0.00317316878202361,0.353150567311921,0.045052580240023,0.286572707420119,0.00753859178129204,0.274305778067491,4,"1963-04"
1963-05-31,0.753931584963265,0.0545589374955895,0.411173647203655,0.066786845729772,0.350699802566734,0.00452837138704988,0.291779259801241,5,"1963-05"
1963-06-30,0.660195453962677,0.0203377735940075,0.40009089143349,0.117697777426566,0.211340984745312,0.00301891425803325,0.242271469228374,6,"1963-06"
1963-07-31,0.489398468064545,0.0312105770668535,0.367675168809042,0.299298466827232,0.354250660259056,0.00678464321677677,0.265564470066055,7,"1963-07"
1963-08-31,0.173541523951038,0.0404118525163095,0.321974525516215,0.326536933231427,0.407786434298534,0.0190262707737991,0.217517689839063,8,"1963-08"
1963-09-30,0.111690774145044,0.0422933034723918,0.0937936153392259,0.35241994953205,0.491053379236664,0.0512552367888733,0.2073351520068,9,"1963-09"
1963-10-31,0.0631512990565214,0.126090989184891,0.0833612830783434,0.30912261012197,0.436413165707391,0.0566117443031613,0.194118019913721,10,"1963-10"
1963-11-30,0.0181342767811735,0.0602475949814621,0.0430502251945368,0.360707042319759,0.333916059779352,0.13799913117518,0.165601557419488,11,"1963-11"
1963-12-31,0.108910495233524,0.0211994100116794,0.0263915682861711,0.264890341671177,0.347493377401741,0.180167597519955,0.169818499883477,12,"1963-12"
1964-01-31,0.190659716933598,0.0618576896773178,0.0221098138700825,0.350431570298012,0.363013090370254,0.401301559607336,0.240848121033138,1,"1964-01"
1964-02-28,0.566018419549429,0.165807999092519,0.0119481755244431,0.360655171677112,0.362734489387606,0.258565382039833,0.31307688224456,2,"1964-02"
1964-03-31,0.701081259006249,0.177918215682979,0.149633475006497,0.295640306082599,0.197627019613327,0.222398158930254,0.305842544754033,3,"1964-03"
1964-04-30,0.766016714559951,0.0604767454862663,0.170156296343489,0.30566283329285,0.260249321294429,0.377867986064448,0.337679790319227,4,"1964-04"
1964-05-31,0.920147446677098,0.11826637147393,0.176720572946597,0.231385198276041,0.22788195920885,0.252940571942533,0.34304610626028,5,"1964-05"
1964-06-30,0.726657273620783,0.147933996031761,0.107748516661236,0.389568479359504,0.373282077795506,0.166772990573695,0.345269745920981,6,"1964-06"
1964-07-31,0.538074670447455,0.142918709795295,0.181835655993393,0.164937846950741,0.257017791614122,0.0948445789123132,0.246531074873502,7,"1964-07"
1964-08-31,0.373574479348663,0.163892760734737,0.333564900258871,0.152400662839782,0.243010929943868,0.17795350748663,0.241834755461985,8,"1964-08"
1964-09-30,0.37779595379958,0.555948580339121,0.139959821974694,0.197029864851982,0.293198396917433,0.230953214316318,0.317253358014107,9,"1964-09"
1964-10-31,0.322928815086536,0.537450313322347,0.163157419520622,0.0897750798907254,0.304559430798446,0.496071539591259,0.331179194321053,10,"1964-10"
1964-11-30,0.315685994086745,0.399932244203548,0.187148394316101,0.0540882029745042,0.402111209030022,0.262841511471358,0.290052291752726,11,"1964-11"
1964-12-31,0.304161868959121,0.344700908559962,0.152389244253624,0.0375670092634939,0.195919685094505,0.419235154142264,0.248738102560122,12,"1964-12"
1965-01-31,0.0984116181901528,0.271499255772008,0.182878933902743,0.0146512084857842,0.314541875198856,0.332430686126298,0.208638480502879,1,"1965-01"
1965-02-28,0.207889324357366,0.286726785331419,0.0290040112267302,0.00618924436906194,0.427231441908287,0.289900854215246,0.233463447462255,2,"1965-02"
1965-03-31,0.205706588724799,0.0967925777551506,0.127408938910202,0.0114473569321997,0.315617726910045,0.289169257085203,0.185637260667417,3,"1965-03"
1965-04-30,0.229937718417772,0.195578506810525,0.266619097041571,0.00278822029244052,0.129590296152363,0.138844139416909,0.159303952852533,4,"1965-04"
1965-05-31,0.11581514520506,0.121618550768858,0.152065429464591,0.00553611265974239,0.0598901584800541,0.154516009005329,0.0980908247135797,5,"1965-05"
1965-06-30,0.136878124481397,0.219945437713992,0.210258334321534,0.0167086273520781,0.117024326923791,0.0436261336685193,0.124514748382942,6,"1965-06"
1965-07-31,0.11728225583562,0.345436422068267,0.0340723164385826,0.0464577163769468,0.0986161824689747,0.14206612443911,0.138392913256721,7,"1965-07"
1965-08-31,0.0986664441562561,0.389171200535894,0.07660047335902,0.177378363681776,0.115319315209458,0.12914473935677,0.168159696849765,8,"1965-08"
1965-09-30,0.0870204126206017,0.272853626496863,0.253270260566001,0.167530691916016,0.26004203951751,0.14733955305588,0.197647353555237,9,"1965-09"
1965-10-31,0.066275957256821,0.150555594497552,0.0755552410597434,0.402692338760689,0.27138307634274,0.22382524869461,0.199724287373793,10,"1965-10"
1965-11-30,0.0939023629916285,0.105828332374023,0.0964310216730604,0.412599519779504,0.156714593999438,0.176757126842536,0.168635537882834,11,"1965-11"
1965-12-31,0.0725362281033192,0.110914930568297,0.140203504662162,0.318163122505371,0.0802747139411054,0.103408268338687,0.128857046695176,12,"1965-12"
1966-01-31,0.166685741878318,0.13387092464729,0.161044851988481,0.100608782345642,0.0167080790234577,0.167045999608758,0.11741389009216,1,"1966-01"
1966-02-28,0.1267759064889,0.219470503788223,0.153552310956793,0.0954371664541869,0.00724296483337282,0.0943172713579984,0.110717564880891,2,"1966-02"
1966-03-31,0.117779005014486,0.252832654700181,0.106999127042059,0.0528605877561788,0.00344634059961432,0.105459736671055,0.104405393411218,3,"1966-03"
1966-04-30,0.0712640535600826,0.283603977069415,0.15801295844964,0.0377722719885908,0.00700572193520961,0.314446052134782,0.135437563754119,4,"1966-04"
1966-05-31,0.0273711102628749,0.22696343768345,0.102118721385141,0.018258078792421,0.000865152757124707,0.165703928463462,0.0845543618811144,5,"1966-05"
1966-06-30,0.0414685159633626,0.195914835774513,0.138760843870291,0.00422714170496798,0.00344429356532408,0.121800730648223,0.0779228870777037,6,"1966-06"
1966-07-31,0.00923798562239997,0.144562443421881,0.0194169847526627,0.147431119864882,0.0165464245456052,0.295617118493957,0.0981580006866959,7,"1966-07"
1966-08-31,0.0219426721655281,0.205930121180665,0.00554733935425386,0.0720960917157927,0.115543706218205,0.313775513527516,0.123777535775065,8,"1966-08"
1966-09-30,0.0551676386081891,0.168930309808622,0.00659047035106727,0.102240761072857,0.29812778641564,0.177620226805683,0.14872377891321,9,"1966-09"
1966-10-31,0.0666437313749048,0.0310130068309406,0,0.0588512677268463,0.324598285594959,0.308404523598659,0.143981792470786,10,"1966-10"
1966-11-30,0.10284446547955,0.0114060742960907,0.0244113072539252,0.020851456878608,0.285970470902288,0.342197900963624,0.141126459722204,11,"1966-11"
1966-12-31,0.034861170564822,0.0303354210849679,0.0674318264520661,0,0.187712551472633,0.183550690127907,0.0880315549167752,12,"1966-12"
1967-01-31,0.0474337996990108,0.114344949514017,0.091986713359229,0.00526259266850915,0.123839107615011,0.138307953466621,0.0884142331151424,1,"1967-01"
1967-02-28,0.027813656016862,0.0274285510247053,0.160715910923713,0.00397947602373268,0.226191654238694,0.134364461106684,0.0983551164596845,2,"1967-02"
1967-03-31,0.0253501701652569,0.0477695630204639,0.190987121670274,0.0127234711308328,0.282610437187631,0.176324078893072,0.124740708781191,3,"1967-03"
1967-04-30,0.0750010218752411,0.320187747947299,0.273465931458227,0.00115529460825106,0.206455097566533,0.146049480085967,0.169804246652851,4,"1967-04"
1967-05-31,0.000834585289628378,0.474319566388663,0.263190285192586,0,0.0905122415038166,0.0153400222557139,0.136992373586896,5,"1967-05"
1967-06-30,0.0489184466703798,0.427916144095415,0.0897471723820699,0.0477172203905592,0.115264427890914,0.0233114775326664,0.132517371234834,6,"1967-06"
1967-07-31,0.114788051651251,0.355335750987874,0.114869024832096,0.147137957579966,0.352307157501812,0.0363248716986616,0.203979945313517,7,"1967-07"
1967-08-31,0.0313797821810556,0.423815515186835,0.0978222420056354,0.197835530249815,0.214960657135793,0.0196302449714853,0.172563828833627,8,"1967-08"
1967-09-30,0.0518629653014344,0.327175728286244,0.210129636051117,0.150542135678939,0.306536503486608,0.0262585624144478,0.185933003081361,9,"1967-09"
1967-10-31,0.00524403233893279,0.40683467479436,0.0648999253227723,0.227706316749505,0.430646798702813,0.0836665876818831,0.222093822090921,10,"1967-10"
1967-11-30,0.0202363911443646,0.155659530495767,0.102038421308466,0.49754197780983,0.369237872213532,0.109235574903723,0.213256813878642,11,"1967-11"
1967-12-31,0.00935062526659824,0.193641229385278,0.0795962723353159,0.386171173767299,0.136423500986961,0.0698945834332867,0.142053810930964,12,"1967-12"
1968-01-31,0.000701634399241594,0.233785776289299,0.130587654937838,0.133681828483936,0.0159780209477608,0.00299249047383405,0.0801164609043718,1,"1968-01"
1968-02-28,0.00980541685215049,0.106970185050219,0.0834557302969544,0.052431183760747,0,0.0509713904723983,0.0454786757343351,2,"1968-02"
1968-03-31,0.026531014041901,0.124846379565592,0.0308190692770718,0.19262609463122,0,0.0924813233215785,0.0726128372740463,3,"1968-03"
1968-04-30,0.153087477615049,0.0436739582075069,0.0461985264714203,0.231795118562447,0.00587848414149511,0.0268709898297927,0.0820652947564416,4,"1968-04"
1968-05-31,0.0708039278440238,0.0666065465995782,0.0239485948517846,0.188143514853936,0.0126849312753047,0.0222213213162502,0.062006622432836,5,"1968-05"
1968-06-30,0.0652545350549376,0.0410123785755545,0.00243052490189863,0.311145044266405,0.126899445710254,0.00283487063689765,0.0942538617754067,6,"1968-06"
1968-07-31,0.161693426677306,0.0644874141751864,0.0269299665826742,0.443409080653501,0.221392721214772,0.200742855756761,0.189144216955461,7,"1968-07"
1968-08-31,0.157704295437515,0.0871227792797374,0.0385425901500905,0.285534970414465,0.274246993551944,0.100245378230569,0.167823703930322,8,"1968-08"
1968-09-30,0.228601174249485,0.198887261820674,0.248033841770327,0.0616717067934498,0.225837678830636,0.0739302692496172,0.177988358118924,9,"1968-09"
1968-10-31,0.13539552157645,0.383799307570375,0.26559810227446,0.0285302105688325,0.0767569276906838,0.00967896340007503,0.147740786677563,10,"1968-10"
1968-11-30,0.210087547335709,0.208011062757785,0.317824411233373,0.0271959476632944,0.192353976517467,0.00680582765712844,0.161502624556231,11,"1968-11"
1968-12-31,0.280350498520402,0.152470565970785,0.423727986337959,0.0122061261272731,0.127177634759201,0.0386001124670936,0.165068084210733,12,"1968-12"
1969-01-31,0.236824684230272,0.12321318217218,0.349706853989864,0.0125935556350559,0.458376183385364,0.0163317379460515,0.213119063652724,1,"1969-01"
1969-02-28,0.24891675190459,0.115714221257967,0.544308437691152,0.0210792142958753,0.608878174526622,0.0398340220647482,0.273597371855196,2,"1969-02"
1969-03-31,0.384776533873761,0.102738159181275,0.491038690435093,0.0484752048691234,0.601498732479308,0.0558871687756166,0.29683441648091,3,"1969-03"
1969-04-30,0.410768860615897,0.0613182859227652,0.551754347754371,0.0921661109157099,0.725412441903985,0.0609889063904649,0.335705925274187,4,"1969-04"
1969-05-31,0.251798656798831,0.0240899931688398,0.711173931343138,0.112377087209343,0.499713024416499,0.0638919289129482,0.268715958602929,5,"1969-05"
1969-06-30,0.29620654458833,0.0225900610432215,0.895310610468386,0.0288945678955004,0.41317256980564,0.0669475441188378,0.266699804064964,6,"1969-06"
1969-07-31,0.387399514895905,0.0365307325240623,0.786450541638484,0.0792736041330864,0.235298448686414,0.0906320547312731,0.246583145636812,7,"1969-07"
1969-08-31,0.365297778701257,0.0228980991705906,0.68935558830019,0.100500731627228,0.129140287629578,0.124429968702522,0.213567504301546,8,"1969-08"
1969-09-30,0.24376173752827,0.0191692166703951,0.442300798092682,0.267209265252188,0.0984988103758331,0.143480830430235,0.181891038206827,9,"1969-09"
1969-10-31,0.538518273013187,0.0812753069997002,0.457615649744386,0.405602077413184,0.140512993962054,0.26479369229594,0.299942343861194,10,"1969-10"
1969-11-30,0.448216423225575,0.0459798646144322,0.360228248707037,0.398489868056559,0.0934982753264456,0.322403960206519,0.261978489522336,11,"1969-11"
1969-12-31,0.488180936136829,0.0941989489808595,0.340788167795943,0.193502816959414,0.0773345414734821,0.208348602015159,0.226407453675957,12,"1969-12"
1970-01-31,0.421508058519793,0.0365789598039274,0.334947992069152,0.111577342045816,0.0573167697426197,0.23222130917695,0.189370480457492,1,"1970-01"
1970-02-28,0.349960880062087,0.0269691964644749,0.174690519773587,0.0643789504084325,0.0084073805181525,0.0734463423387215,0.115037721355028,2,"1970-02"
1970-03-31,0.213723724973693,0.0264147200646402,0.332926449206803,0.00956978129690884,0.0377918653742168,0.135604069425121,0.113150332326444,3,"1970-03"
1970-04-30,0.0850963604476086,0.16902922842421,0.362563302159195,0.011232473856549,0.0261690839724306,0.393426298539862,0.151986380312945,4,"1970-04"
1970-05-31,0.179702691667306,0.115009340715731,0.512671821389378,0.00561634385247723,0.0563422482155305,0.36457077766729,0.179133221834394,5,"1970-05"
1970-06-30,0.184631798631409,0.184509497476848,0.645727265141918,0.0222836912777262,0.0505011773812893,0.499273036046036,0.22807243783902,6,"1970-06"
1970-07-31,0.02670284758069,0.45006898351807,0.439451328401498,0.0290949097907023,0.044487851423126,0.588955373929679,0.234745013761379,7,"1970-07"
1970-08-31,0.0583584304376037,0.342059803190765,0.531570770416054,0.0488066178138148,0.0805345544436625,0.510196632168121,0.231066928065152,8,"1970-08"
1970-09-30,0.0805929900053885,0.593789874208734,0.218857938164507,0.0704587894155008,0.118430126711727,0.488548580447595,0.254655416473141,9,"1970-09"
1970-10-31,0.18006275938832,0.56334030770252,0.110193458713349,0.0297955208628574,0.0852039733934265,0.360730605894757,0.22489279996681,10,"1970-10"
1970-11-30,0.0430469283835859,0.575858960330374,0.0930355386372001,0.138673620160083,0.0705551846880964,0.125605846132637,0.176619180241025,11,"1970-11"
1970-12-31,0.0627250136646779,0.54727331587081,0.0331587827986836,0.121893199539384,0.120444478562566,0.0377501621261536,0.164535577511801,12,"1970-12"
1971-01-31,0.105569088472421,0.251071292736048,0.013397192073761,0.105994425267024,0.0747689621913416,0.386589429718513,0.15577055782475,1,"1971-01"
1971-02-28,0.115165760276378,0.426374605053606,0.000784109617730482,0.130000214272769,0.0413739366115696,0.423455184527992,0.189337048655527,2,"1971-02"
1971-03-31,0.178561594154961,0.1733938912791,0.0555199494054598,0.0379762177585196,0.0549021869445314,0.352221044366046,0.141516948645066,3,"1971-03"
1971-04-30,0.300057570073577,0.111572547425584,0.074871904977629,0.139644715278366,0.212995517458982,0.127206224746987,0.173454875968221,4,"1971-04"
1971-05-31,0.498803277716949,0.0353192953899664,0.0728097378832037,0.138242258764358,0.437698695299635,0.121458588072713,0.247313218796118,5,"1971-05"
1971-06-30,0.254148774669239,0.0146196464688901,0.177759973227292,0.0834696909474891,0.318327156830259,0.162423838469219,0.178556979736952,6,"1971-06"
1971-07-31,0.317951861673876,0.0916782470315914,0.301625275124888,0.174309929049636,0.326930797261035,0.107366467395236,0.225803217272232,7,"1971-07"
1971-08-31,0.334044829212359,0.146114117818842,0.20152347603539,0.216105652224439,0.441611043201418,0.11800896472471,0.260723674014907,8,"1971-08"
1971-09-30,0.459105687516806,0.129367902784875,0.272823045525865,0.267422521992047,0.418590392898467,0.152105199704512,0.297560602019209,9,"1971-09"
1971-10-31,0.421334734062697,0.151264140490382,0.156714159994041,0.303056069313075,0.255462385469921,0.188395903797248,0.255616301995247,10,"1971-10"
1971-11-30,0.327822385037455,0.166377318124242,0.0843029390519949,0.293057765595686,0.137112955810318,0.146117390449127,0.198124318013009,11,"1971-11"
1971-12-31,0.652077450582514,0.347161445315534,0.0291185671699426,0.452106657141769,0.145808530488603,0.0907196048175584,0.305500845711534,12,"1971-12"
1972-01-31,0.681253000041136,0.257002982658249,0.135325894677752,0.446556841934418,0.376115317551892,0.126215954141225,0.362039245192994,1,"1972-01"
1972-02-28,0.743016668926564,0.082832540117289,0.32822344472714,0.381124815350442,0.51621557986806,0.212217993073706,0.398122582744469,2,"1972-02"
1972-03-31,0.654059354945702,0.0599256648384761,0.518530558062094,0.686881805217236,0.705917349189476,0.320735142288085,0.499715824185378,3,"1972-03"
1972-04-30,0.562231546946408,0.0287269441566077,0.422641732832039,0.412225755111992,0.731342464184127,0.267474176898832,0.423331081518443,4,"1972-04"
1972-05-31,0.359115601004184,0.0393386080587499,0.647987217970648,0.377146006900548,0.792411331332312,0.20437974653804,0.409336176669436,5,"1972-05"
1972-06-30,0.284515639734699,0.00812758243516602,0.708204395848281,0.337817639011953,0.870221821702795,0.152188409581588,0.399557798726427,6,"1972-06"
1972-07-31,0.131191918030173,0.0195150549287692,0.309029031355396,0.103518291436096,0.679663560233372,0.0768075227967859,0.240095657997594,7,"1972-07"
1972-08-31,0.0677951632768102,0.0621539384225572,0.164510445616565,0.0129067566132922,0.648106499875188,0.0214488199040393,0.191105253775155,8,"1972-08"
1972-09-30,0.133754104394866,0.17406129867914,0.152872523105979,0.00116737275918864,0.55544380776461,0.00941460139324062,0.199031469036387,9,"1972-09"
1972-10-31,0.33036424562354,0.08692176330377,0.159646704856444,0.0121005421190439,0.582760310855815,0.00150945712901663,0.229298726747416,10,"1972-10"
1972-11-30,0.316606126066988,0.107625405817106,0.105178497328806,0.0192599647105992,0.450759592688623,0.023441800463413,0.199335832538042,11,"1972-11"
1972-12-31,0.478273934030041,0.120192999767679,0.0783710781927287,0.0745235440557025,0.476268483017431,0.331154600816914,0.288972261405369,12,"1972-12"
1973-01-31,0.675572224403757,0.0929290767305148,0.102596777087501,0.196395163285451,0.483565619049895,0.471898461507905,0.365440253369186,1,"1973-01"
1973-02-28,0.773339296421651,0.129275715523976,0.0785200454787831,0.219247662997327,0.0708110533354599,0.435789684371958,0.295358756660014,2,"1973-02"
1973-03-31,0.800778369822685,0.201260772085665,0.0451075997755251,0.308795724718023,0.0680952731816429,0.571863441838809,0.342280737262522,3,"1973-03"
1973-04-30,0.518644458480225,0.336514279786256,0.0291243548145376,0.239871942010558,0.171257935537009,0.646121358771774,0.332904479636921,4,"1973-04"
1973-05-31,0.397415851623319,0.238035607056973,0.0170643173477302,0.383609084964129,0.144106304046835,0.706293382273505,0.313589007912686,5,"1973-05"
1973-06-30,0.45961086290307,0.218442364041594,0.00101451807299232,0.10037084608589,0.0951107955389227,0.434185117505028,0.228898996112014,6,"1973-06"
1973-07-31,0.138640240254129,0.19486449503793,0.296368978186995,0.0323159908761043,0.0740675453436257,0.354678479960398,0.167902681947119,7,"1973-07"
1973-08-31,0.244070604834279,0.21305594162477,0.242364720828714,0.211421905598361,0.100892471441317,0.413319374944034,0.226509241345923,8,"1973-08"
1973-09-30,0.121878372830237,0.240745831085031,0.281156151052041,0.279530482226165,0.0488718008972572,0.303245166837397,0.194080382979387,9,"1973-09"
1973-10-31,0.232185260019431,0.222317361772515,0.414271131992103,0.328659920939234,0.0227172900177567,0.498612191974552,0.257001284096651,10,"1973-10"
1973-11-30,0.263277730395903,0.311451524167056,0.392953112580718,0.360393641152531,0.0418743583665924,0.283779189555807,0.25441834953472,11,"1973-11"
1973-12-31,0.173939803367513,0.183397661610742,0.403614447905283,0.441149139642196,0.0117001041100826,0.386978454120275,0.235002108861356,12,"1973-12"
1974-01-31,0.218152854854852,0.277953829622346,0.149051781868828,0.567113139607858,0.142372166972057,0.362751937546216,0.276333227185854,1,"1974-01"
1974-02-28,0.0495111580756807,0.177757103088668,0.0544465504191035,0.423064662239914,0.130918663849578,0.33027835971897,0.186378878736915,2,"1974-02"
1974-03-31,0.0903636270588189,0.108860779614724,0.0485856217763089,0.468175959018289,0.298308942465744,0.247837842714529,0.212951113317047,3,"1974-03"
1974-04-30,0.310393405469033,0.0564719527585366,0.155690212751434,0.489119188669659,0.442940529380344,0.189765119925737,0.285285537497172,4,"1974-04"
1974-05-31,0.375981518089153,0.0162086648700017,0.182506268542372,0.238584674164252,0.479271444658074,0.185395496031975,0.264880995400604,5,"1974-05"
1974-06-30,0.495154005068322,0.0610335058206087,0.262095592671919,0.0717558132265401,0.4460670211067,0.234762433628323,0.280816997384158,6,"1974-06"
1974-07-31,0.334943039706251,0.0140359010405762,0.0331836566369816,0.0109646809049557,0.0642825750000397,0.25411470675974,0.125006529719663,7,"1974-07"
1974-08-31,0.432440345774947,0.0703024415688311,0.109628273175789,0.0169663731954205,0.0819403821431676,0.0975460676360547,0.144793348702381,8,"1974-08"
1974-09-30,0.162363248518266,0.0927395678078041,0.117209011076133,0.0100580735482699,0.10017253177521,0.0999552517514337,0.0998332044032499,9,"1974-09"
1974-10-31,0.0206118866875924,0.242543314335709,0.192988187094509,0.0181577601595353,0.134625364213766,0.44908936761176,0.166897746478628,10,"1974-10"
1974-11-30,0.0169322683562398,0.164265466496762,0.229438720979259,0.029488918247008,0.288153542420693,0.325546631825508,0.173715503263537,11,"1974-11"
1974-12-31,0.000610511549759074,0.483038313324437,0.193715347509527,0.0378509241649077,0.213081419675288,0.111909980475874,0.177520682890148,12,"1974-12"
1975-01-31,0,0.580391183453672,0.222422608014137,0.0494813705145442,0.37574728224701,0.176447405353931,0.245189530973517,1,"1975-01"
1975-02-28,0.00741620991465868,0.491856930852009,0.122725741119926,0.0592049879564675,0.354647967180751,0.0717447946152611,0.201183216676388,2,"1975-02"
1975-03-31,0.0542644728964235,0.203893541390362,0.135653547082486,0.0762578201000078,0.120465403253569,0.247558756142936,0.136208098516924,3,"1975-03"
1975-04-30,0.0233764036847023,0.252282564480191,0.0901982171402795,0.238630872129371,0.193550436839258,0.126534032820411,0.155984683343665,4,"1975-04"
1975-05-31,0.0818147063620945,0.151498312182114,0.000803673929145814,0.194228496321052,0.259684297054146,0.101777376022476,0.144026290009999,5,"1975-05"
1975-06-30,0.385804359998652,0.0490367182273325,0.012585237828544,0.0991421103262495,0.558165935697425,0.05230333628169,0.231760075422688,6,"1975-06"
1975-07-31,0.660147016356385,0.0983697579211997,0.104706575388867,0.0365661117555144,0.567232107064594,0.059029047346699,0.298775582669568,7,"1975-07"
1975-08-31,0.559232052355768,0.0216793152354131,0.0943682979136606,0.0382189578331661,0.509427063480386,0.21668798871623,0.274328039031943,8,"1975-08"
1975-09-30,0.359312956533348,0.0932105017141946,0.00579208422557299,0.0920788744185656,0.661436853202411,0.0821901603728361,0.259919718476986,9,"1975-09"
1975-10-31,0.575070152925903,0.139271574516298,0.147143075397672,0.0484079145920833,0.796313300166925,0.147260467283766,0.359312821746874,10,"1975-10"
1975-11-30,0.581133338838166,0.172463722951804,0.261525271252052,0.0663327524849243,0.865392420386061,0.1732386858541,0.400796745717038,11,"1975-11"
1975-12-31,0.621713452022707,0.148391699325521,0.206910901110948,0.199086575129526,0.767830693250252,0.155642196931991,0.393583797435575,12,"1975-12"
1976-01-31,0.373174544724185,0.211385139208348,0.0538458489305952,0.173924321976822,0.633779294869656,0.0196065284215671,0.285935118698441,1,"1976-01"
1976-02-28,0.462739868471445,0.24623710845382,0.145982495234025,0.309739678064625,0.758518663819133,0.0320359023524537,0.369200500938185,2,"1976-02"
1976-03-31,0.674845963526004,0.364392827239085,0.206302314941834,0.256545193943743,0.539792754122754,0.082714517748918,0.390216259794744,3,"1976-03"
1976-04-30,0.693540812420105,0.218455753563881,0.204953341755236,0.394619625526285,0.361676560826006,0.0786527991287705,0.347533652456488,4,"1976-04"
1976-05-31,0.615301032486505,0.337894986067809,0.244375926707325,0.362307918714222,0.129092391612848,0.0509750402019749,0.297821579439703,5,"1976-05"
1976-06-30,0.649412518988468,0.39365769069096,0.338880533974325,0.426032122248119,0.14962128730476,0.0647501761103005,0.340849270071807,6,"1976-06"
1976-07-31,0.83095141155542,0.26659311307704,0.324713322940792,0.51118579317756,0.269101831857698,0.122221395290002,0.399335192753058,7,"1976-07"
1976-08-31,0.871824155307605,0.215120591430315,0.410804146607922,0.316596212737147,0.131306418850647,0.117556466708511,0.348162712725476,8,"1976-08"
1976-09-30,0.842740527417313,0.109354206369096,0.331040551102711,0.159881727040435,0.18075530417714,0.0439066459956062,0.291981371807525,9,"1976-09"
1976-10-31,0.717173681770227,0.0258933866932851,0.484054811350248,0.116750194884843,0.210802938755209,0.00544879567501457,0.263873949812532,10,"1976-10"
1976-11-30,0.715039041914254,0.00506118275548924,0.29239950319191,0.076247010643015,0.270938315018571,0.0868721125222053,0.257790063652578,11,"1976-11"
1976-12-31,0.519503072984612,0.00242409809444698,0.515838370836047,0.0263451215777236,0.349233429592908,0.171494849577917,0.265848912343124,12,"1976-12"
1977-01-31,0.438280310652346,0,0.584185178242254,0.0253247001329078,0.44196978193941,0.208653229146518,0.282732247804023,1,"1977-01"
1977-02-28,0.218442259583401,0.00242409809444698,0.621637510029296,0.0179315459699301,0.414292841448586,0.441436055205155,0.270675151196419,2,"1977-02"
1977-03-31,0.182147146146665,0.0167206164672693,0.645390878835559,0.0249253668406316,0.294470209122445,0.383668184429794,0.234825571643305,3,"1977-03"
1977-04-30,0.0794642006497157,0.040971531256412,0.359272549696371,0.0897889091221025,0.179693564805371,0.301885747406736,0.159490445234319,4,"1977-04"
1977-05-31,0.0569269215818515,0.0899750754938528,0.184323365932033,0.211565945955958,0.0507276892560559,0.193576424486509,0.117968540347393,5,"1977-05"
1977-06-30,0.0334757870278196,0.0466113900692857,0.0526655665220631,0.195178055398972,0.0568401140712387,0.18852116904255,0.0892187308250374,6,"1977-06"
1977-07-31,0.0330116639293307,0.177347099500179,0.0640951690085315,0.221455215563251,0,0.206732481374769,0.107853947841812,7,"1977-07"
1977-08-31,0.0471305983028783,0.159478655273077,0.0189506999883052,0.256985950951005,0,0.147980131696983,0.0990424154541113,8,"1977-08"
1977-09-30,0.127650603061339,0.126174095339827,0.0146037352451941,0.114417995177306,0,0.0538235941960617,0.0739859544657001,9,"1977-09"
1977-10-31,0.277374571976239,0.0928010254110799,0.0257647490445078,0.304430576949917,0.0120107642036702,0.144148354830743,0.142147195184914,10,"1977-10"
1977-11-30,0.0842259433805218,0.103411672270133,0.0124074152558837,0.226019935884872,0,0.307127825443181,0.114187771498318,11,"1977-11"
1977-12-31,0.150198980999938,0.183078804426123,0.115274164149177,0.325097498061747,0.00754696010588139,0.134046156945188,0.143794924858911,12,"1977-12"
1978-01-31,0.132198638312581,0.164864801629292,0.193331555546207,0.332904023907067,0.0136539133011511,0.016465264334273,0.130957859039135,1,"1978-01"
1978-02-28,0.162955457824247,0.151190607449294,0.125692527747446,0.309735921740898,0.0943829917404952,0.00679319461738379,0.14016225784729,2,"1978-02"
1978-03-31,0.0687319121862572,0.136561312362072,0.142116527543742,0.210654606007158,0.106487688065143,0.0215673478724683,0.111191293430462,3,"1978-03"
1978-04-30,0.0929530315789591,0.0745190525118066,0.246944618087481,0.0470037894316462,0.0167661797656233,0.0460907151166947,0.0762852405502194,4,"1978-04"
1978-05-31,0.329463227862258,0.0796919620249981,0.604670877432771,0.0299138029194783,0.0388261439489006,0.038857786369304,0.164686368719515,5,"1978-05"
1978-06-30,0.212452952308672,0.0592886935485103,0.704605269599783,0.0333795987686473,0.0162336966140036,0.129990155165223,0.157764037614874,6,"1978-06"
1978-07-31,0.257973241631861,0.0520310869982009,0.656654902647627,0.0477084335476138,0.0162987399549646,0.23052606094289,0.176862199860383,7,"1978-07"
1978-08-31,0.111751150082435,0.0688543155710737,0.402217486817619,0.0215705087817609,0.0162580549022698,0.329646686996774,0.133589744711068,8,"1978-08"
1978-09-30,0.201403752288389,0.231678103290696,0.418206791988115,0.0228801215872444,0.00297171680918403,0.340434824082885,0.181193824002925,9,"1978-09"
1978-10-31,0.289565858903438,0.440184196406263,0.299942691219804,0.0330295833387119,0.0064950202563614,0.269424527458175,0.215002810460255,10,"1978-10"
1978-11-30,0.298651626906865,0.618924707969491,0.153582367165492,0.19915252947325,0.0780895237467173,0.42010459977518,0.294773345530776,11,"1978-11"
1978-12-31,0.273099113992431,0.482520928701023,0.193526734660407,0.2175092258739,0.0956724653125129,0.261249225201673,0.252998212026616,12,"1978-12"
1979-01-31,0.295078115637652,0.30094250123241,0.145730246931068,0.066951784474321,0.0248224796752112,0.0856698641992651,0.156191505113444,1,"1979-01"
1979-02-28,0.306189135706191,0.101448196517077,0.206232933618168,0.0130383837400308,0.0224119552633942,0.0883449788394837,0.121122025734307,2,"1979-02"
1979-03-31,0.328476464117823,0.0148711225341779,0.325517467368799,0.0891028339105185,0.0206192454889395,0.139532963837295,0.14120375536626,3,"1979-03"
1979-04-30,0.197315392155087,0.00577040191191813,0.624411779016166,0.0665018644024012,0.0643461188382332,0.101464780001712,0.147582236764318,4,"1979-04"
1979-05-31,0.16935433585281,0.00462475861941418,0.346140463737634,0.00709302182505514,0.147954551832146,0.0712730933870628,0.116583279405612,5,"1979-05"
1979-06-30,0.1130110968393,0.00446665873483642,0.11961107476088,0.0071907308376029,0.332811812061213,0.146759176932891,0.132320919821644,6,"1979-06"
1979-07-31,0.0279407206499657,0.0210224211142881,0.127739587977325,0.0619385089183769,0.233172362581377,0.346328702294404,0.134411859355844,7,"1979-07"
1979-08-31,0.0131026595249765,0.119084159995653,0.130136943446492,0.0425210536239073,0.305763868519035,0.260143908125569,0.150116279687763,8,"1979-08"
1979-09-30,0.0435650647737367,0.257864885026891,0.0435792487526235,0.100323199792975,0.336785118656752,0.189963302567083,0.176623619296944,9,"1979-09"
1979-10-31,0.156518523197944,0.0112793846653899,0.0422936609579381,0.116967597802584,0.346206496954295,0.0573370729440289,0.139490964397618,10,"1979-10"
1979-11-30,0.114873208211156,0.0257635003068586,0.127337651076552,0.0387950631218972,0.21576715780821,0.0387354243607178,0.100359458505171,11,"1979-11"
1979-12-31,0.000843628125745517,0.0255943890466405,0.148532991506229,0.0285126447519224,0.0951838987970314,0.0600908597687729,0.0551391005009851,12,"1979-12"
1980-01-31,0.0335980617575315,0.0597871460927136,0.0343145113173215,0.0217785448383269,0.203115906857825,0.0345477446787118,0.0743163447322621,1,"1980-01"
1980-02-28,0.141668421761735,0.0453093318911475,0.151261099359262,0.157180910456355,0.215098889524994,0.0309595521452675,0.1277428216849,2,"1980-02"
1980-03-31,0.239230072650378,0.0534654960203958,0.415843841156044,0.00963013722624289,0.261248028992547,0.0149314661496957,0.164085980031767,3,"1980-03"
1980-04-30,0.143870365869222,0.206005099750888,0.46292889743569,0,0.203012976405582,0.0123106066105815,0.163327265972507,4,"1980-04"
1980-05-31,0.455999972802779,0.0334822291583837,0.672150973966493,0.0563214817592632,0.06603468803345,0.0221596061539574,0.196175778355771,5,"1980-05"
1980-06-30,0.336971347921678,0.0167699886151032,0.726358684843671,0.0253131528684949,0.163435914347333,0.0424768666715583,0.195690821419945,6,"1980-06"
1980-07-31,0.250981900453793,0.0158098708935705,0.899777864091166,0.0321937119913249,0.0848646850723377,0.0908642518769703,0.18839539530482,7,"1980-07"
1980-08-31,0.111457325530805,0.0111887305583602,0.876324954688332,0.0322180141883229,0.0493451681903459,0.0545725167117769,0.144339956363441,8,"1980-08"
1980-09-30,0.0670887574189306,0.148908594417643,0.873031963492842,0.0344949539669911,0.0262661919963847,0.126600963716278,0.165768133446157,9,"1980-09"
1980-10-31,0.0126317141822374,0.229426038108072,0.79760074059665,0.0332294530533682,0.0249477849527712,0.445834723170072,0.207212982918095,10,"1980-10"
1980-11-30,0.0145985599012865,0.219314769318375,0.70835434169166,0.0667526442041784,0.00346395559596303,0.306560182978701,0.175766419486035,11,"1980-11"
1980-12-31,0.0134240842652891,0.224997950076213,0.549015808986551,0.0134305887168456,0.000879224999999755,0.188777368092868,0.13348364171627,12,"1980-12"
1981-01-31,0.00107401306595342,0.373746189698625,0.0747420353412135,0.00270630590770007,0,0.101328467233191,0.0909808878207107,1,"1981-01"
1981-02-28,0.0199356225254614,0.401886452626642,0.0515940427916027,0,0.00779991676239797,0.135178987607607,0.103472272495128,2,"1981-02"
1981-03-31,0,0.344519894603512,0.0323757144352037,0.00140904723498933,0.000879224999999755,0.0864509030821637,0.0786607501329886,3,"1981-03"
1981-04-30,0.0560810917835043,0.308011842671651,0.0134303559047066,0.0169120946688552,0.0301589412682744,0.0491288316471882,0.0843369265337958,4,"1981-04"
1981-05-31,0.0306246470260004,0.352150547168764,0.0248255364104512,0.0954057009060462,0.0836037795703556,0.024484858036054,0.108185757194222,5,"1981-05"
1981-06-30,0.0122970644822699,0.342988293989624,0.00101451807299232,0.176545872533428,0.136536706070423,0.00953001802689354,0.121624556822789,6,"1981-06"
1981-07-31,0.0175983274439406,0.132173228913237,0.0303178348058894,0.244806106565334,0.353922252035377,0.0881962843623251,0.157374080359029,7,"1981-07"
1981-08-31,0.0197559108661309,0.159732017848822,0.0333099095944917,0.264685947065514,0.315359881152909,0.131288155096529,0.163730998926008,8,"1981-08"
1981-09-30,0.0619997174655269,0.166124135044062,0.0351559197276719,0.167856160878433,0.40064188221759,0.132166369537132,0.178322903422712,9,"1981-09"
1981-10-31,0.0263284614113418,0.349388786049341,0.126128389232157,0.108019046840252,0.320906102016623,0.130230214745347,0.187754985880481,10,"1981-10"
1981-11-30,0.0104392827833422,0.60828942828766,0.119037017790476,0.0744398497643439,0.173051689991374,0.0737487537723816,0.184694560696761,11,"1981-11"
1981-12-31,0.0262988412980715,0.363964673496922,0.128843397396246,0.0240327578019265,0.0799666206059655,0.0633211888544892,0.115423665127835,12,"1981-12"
1982-01-31,0.0483599386850079,0.285966695146613,0.149333788490447,0.0300620301941628,0.0169922772873177,0.0743865870332301,0.0965326629747802,1,"1982-01"
1982-02-28,0.0531792849025767,0.270323732245982,0.177586234557665,0.0314026222380445,0.0357624195854193,0.10008609093412,0.105872267047286,2,"1982-02"
1982-03-31,0.0325371800208907,0.275310202750496,0.1009194991702,0.0124456225773704,0.0744729892765407,0.0463226524256481,0.0922131905177836,3,"1982-03"
1982-04-30,0.122636756990292,0.247024587498549,0.0562879654364196,0.0236577210607593,0.0110450331148331,0.00872289803960555,0.0820649542937433,4,"1982-04"
1982-05-31,0.0931295592567802,0.105169045734128,0.00417052085532958,0.110332621594037,0.0301263573170347,0.0274042045057183,0.0644686695854165,5,"1982-05"
1982-06-30,0.140697144450177,0.308783229004129,0.0323812583700301,0.507714948407286,0.0877344603931323,0.053220664283242,0.187953148723745,6,"1982-06"
1982-07-31,0.388889934040795,0.3876685905496,0.103197806089966,0.31316584377493,0.124837435374639,0.0180436373865616,0.233698034968755,7,"1982-07"
1982-08-31,0.217360442064429,0.295224298510664,0.0322590820093983,0.246492562016015,0.0590268192989915,0.00545912954829411,0.149310167665199,8,"1982-08"
1982-09-30,0.332170135579417,0.201243978126715,0.00557330796128641,0.440853962732039,0.0654240624652427,0.0122752910787021,0.182719618179794,9,"1982-09"
1982-10-31,0.304403331222722,0.0865211370895911,0.0824358798639332,0.351789361455573,0.108611747021603,0.0779012395165119,0.171215120188243,10,"1982-10"
1982-11-30,0.306172937138592,0.0035669856980016,0.0693992224896119,0.402393292100683,0.168939094903179,0.195373314944987,0.192976324927533,11,"1982-11"
1982-12-31,0.251618826482639,0.0156870152050613,0.042428075358624,0.321966814059725,0.211556054938691,0.368390331113553,0.204348540177423,12,"1982-12"
1983-01-31,0.130864555355111,0.114525436306674,0,0.488872476325393,0.342494575619775,0.420338314139455,0.254481363003545,1,"1983-01"
1983-02-28,0.139014920483935,0.154283843618017,0.00279737838315529,0.419295085828518,0.313968654538722,0.382107185813064,0.241568663261303,2,"1983-02"
1983-03-31,0.00904201377822663,0.231705650194846,0.0371107060486561,0.324201187137248,0.228410574155129,0.393334686555921,0.202581016947455,3,"1983-03"
1983-04-30,0.00147185194462805,0.269285584582209,0.0118603136696165,0.457107070265992,0.18894796672742,0.444608617746686,0.223136412379227,4,"1983-04"
1983-05-31,0,0.550897334246647,0.00279737838315529,0.338280575570125,0.0902011242383172,0.289604188836871,0.21091623997905,5,"1983-05"
1983-06-30,0.00639133353864379,0.610435892901202,0.0117836853656441,0.305305578509461,0.0688387843526502,0.112610352605656,0.188613558730594,6,"1983-06"
1983-07-31,0.111854406184024,0.447653792260613,0.00815337746492229,0.190861067119587,0.0279554877325207,0.102763532124023,0.152532651083229,7,"1983-07"
1983-08-31,0.171124701258543,0.285166634454485,0.0197247642287071,0.358205131567903,0.0276281732892241,0.0681069318945837,0.155421780622041,8,"1983-08"
1983-09-30,0.122084023627408,0.350652902556332,0.0507641782196788,0.372644398447948,0.22995203661179,0.0590762272012391,0.206532433355379,9,"1983-09"
1983-10-31,0.142831187608558,0.417030771346596,0.0050725131121638,0.367866519295927,0.311319219185718,0.0544501433613432,0.2341685799136,10,"1983-10"
1983-11-30,0.589667357904886,0.279062551869467,0.00608703118515612,0.459435594158517,0.411403907071876,0.0510869015846122,0.33243210346246,11,"1983-11"
1983-12-31,0.424929620967261,0.263837289731028,0.00202903614598464,0.510552378611558,0.43951597833118,0.0373744168396138,0.308432793653525,12,"1983-12"
1984-01-31,0.0462641572512748,0.214510056285583,0.00101451807299232,0.404054932478478,0.610170995536198,0.190714135235394,0.26939516901872,1,"1984-01"
1984-02-28,0.0192381611219484,0.375117412870541,0,0.298062285312434,0.690764754187463,0.408137353370581,0.326971637125746,2,"1984-02"
1984-03-31,0.0546393028873459,0.190163202034292,0,0.286294662382307,0.589224928211996,0.336648517755565,0.266029848786009,3,"1984-03"
1984-04-30,0.198822395045238,0.196501658989559,0.0045393105893977,0.257950296710001,0.604373058693479,0.269115966874376,0.285484297285486,4,"1984-04"
1984-05-31,0.0592395285479396,0.117897140324847,0.0725170707886885,0.0575066134300991,0.68457680870705,0.323651204465809,0.247850233316092,5,"1984-05"
1984-06-30,0.104790268005512,0.132809076364439,0.316930142555281,0.0479199154033657,0.602666499202679,0.288228784814027,0.261846180397769,6,"1984-06"
1984-07-31,0.363867515631757,0.139154536207304,0.082048101073543,0.0573689504637788,0.516222763452914,0.268154123357023,0.267423826335147,7,"1984-07"
1984-08-31,0.432232908060919,0.101126385200282,0.0838969869789634,0.118337734731706,0.285916120375799,0.102999417686163,0.208123674936406,8,"1984-08"
1984-09-30,0.261518727351001,0.150132324166031,0.0515377846131548,0.114751252814619,0.24253168895595,0.116451660253352,0.171580848948729,9,"1984-09"
1984-10-31,0.0842383780554121,0.027120832057978,0.0323836066388247,0.318367482276611,0.210795912926606,0.467711573262968,0.186082914872208,10,"1984-10"
1984-11-30,0.00855821888681625,0.0500189607378887,0.0827532342762861,0.373478869425457,0.114678038877996,0.338428116599696,0.148793775379701,11,"1984-11"
1984-12-31,0.0464953405098312,0.068744174163882,0.253897489318309,0.403462736442746,0.23207288629622,0.393927961181975,0.216961284161947,12,"1984-12"
1985-01-31,0.0578484801471704,0.0408974144878567,0.651924583557265,0.334280216079191,0.167796726089657,0.367613239870445,0.230041639143838,1,"1985-01"
1985-02-28,0.0345050836207433,0.0717038498884122,0.732480732955964,0.247034741448198,0.0565260625996521,0.23164158297728,0.182797861033274,2,"1985-02"
1985-03-31,0.1724218292375,0.0587706407080283,0.722282250781126,0.311262657695759,0.239530344571439,0.222389998879337,0.254994096543495,3,"1985-03"
1985-04-30,0.290801535482878,0.0346196332414867,0.836689744461367,0.250359456032765,0.287641896431121,0.110636091972342,0.27212538642672,4,"1985-04"
1985-05-31,0.221017247306922,0.0372546291133433,0.624583369006724,0.211693910252874,0.117264996990905,0.136972603720446,0.19593731304256,5,"1985-05"
1985-06-30,0.102510798340611,0.0288495405070936,0.53377331278012,0.130585332902643,0.0155364616573081,0.0694508492065683,0.116908653209537,6,"1985-06"
1985-07-31,0.0205265142230778,0.0616122863021021,0.607906746266112,0.267489399299927,0.0484962907535794,0.16943048546305,0.156603797848616,7,"1985-07"
1985-08-31,0.00598587891762177,0.0548330082008041,0.325682810991909,0.243173081677792,0.108998789215487,0.464294256186198,0.174108991568043,8,"1985-08"
1985-09-30,0.0270247059865301,0.373474741281701,0.277077394172413,0.394378816644876,0.0268426240757335,0.476312861198734,0.235885651157007,9,"1985-09"
1985-10-31,0.141380106839319,0.609740350115344,0.142165437020359,0.399986382891676,0.045679641905376,0.354609202460316,0.273368118958451,10,"1985-10"
1985-11-30,0.128095020275081,0.625291259617829,0.190473441664753,0.0877073832380022,0.0326869308374185,0.221004291874433,0.211152133353009,11,"1985-11"
1985-12-31,0.142018879396429,0.473041300984259,0.117897625813126,0.225464020994614,0.0435802320188497,0.228872686641278,0.202023985696447,12,"1985-12"
1986-01-31,0.0499521499109181,0.378670740795384,0.0385690811870379,0.0428764757967565,0.00997959845111125,0.175005203511335,0.116279026288688,1,"1986-01"
1986-02-28,0.237296577489954,0.280532230832501,0.0516453914296376,0.0372752242700672,0.00366708789164149,0.0711316513351717,0.119619912316816,2,"1986-02"
1986-03-31,0.109848111574878,0.127618432262239,0.0947255232136767,0.0398340141776381,0.0329366597142608,0.16600239014839,0.092359308663319,3,"1986-03"
1986-04-30,0.0629317511060139,0.0333483490274088,0.354529880977588,0.0377995073068687,0.100252658426585,0.37505084645715,0.139851453531327,4,"1986-04"
1986-05-31,0.0259912035502947,0.0285438535666113,0.207190017976621,0.218785027139281,0.164380643226533,0.147190704788597,0.122764288371662,5,"1986-05"
1986-06-30,0.107395597259954,0.0620537550893593,0.591312235765863,0.173857992237615,0.263166321744446,0.128627237745764,0.199899130854899,6,"1986-06"
1986-07-31,0.200200478808529,0.0675284194718502,0.552922420631137,0.339240881489207,0.546458371500866,0.229237826182879,0.316297870356382,7,"1986-07"
1986-08-31,0.0205719879738916,0.267571015073388,0.376289358105166,0.440522790150362,0.458280101919298,0.416848428413401,0.319978617735471,8,"1986-08"
1986-09-30,0.0566809696598702,0.158550283127976,0.243805214376604,0.55035193861394,0.38245447956456,0.183670990262754,0.258061232463351,9,"1986-09"
1986-10-31,0.0399798534777582,0.271097967146896,0.27766438493087,0.455132878090415,0.389606111935518,0.146109311309592,0.261063859796032,10,"1986-10"
1986-11-30,0.076117167652065,0.193809894295499,0.269539402627019,0.577507536170164,0.421746513431483,0.214569702832097,0.288228976846902,11,"1986-11"
1986-12-31,0.00543040968296909,0.229043536354596,0.186521942201083,0.70344250578694,0.368064697239288,0.246478506735174,0.282563535493447,12,"1986-12"
1987-01-31,0.0176751170553229,0.17654917408927,0.235577405661336,0.567093112357011,0.128842236345813,0.149271840860932,0.194035316204454,1,"1987-01"
1987-02-28,0.0794304376039271,0.124132442772162,0.143695307162611,0.59907505558409,0.278819891690118,0.182455841171661,0.229264306962647,2,"1987-02"
1987-03-31,0.0298426104268815,0.192079706461738,0.263686512006101,0.202582508793886,0.411348768275077,0.0583729601618315,0.198588340776094,3,"1987-03"
1987-04-30,0.0961892789156217,0.152792422026591,0.341493279681378,0.242329991513385,0.389830491110828,0.054830789746715,0.213681643306006,4,"1987-04"
1987-05-31,0.0771205929271697,0.159790110048923,0.431552262499201,0.0556962064938915,0.0621153593437885,0.212919724284655,0.144512119982794,5,"1987-05"
1987-06-30,0.113994984526117,0.152268410200735,0.114492341554247,0.0896386958706066,0.0694828056385853,0.150389030209761,0.112858007507113,6,"1987-06"
1987-07-31,0.0366347323414702,0.111773546132674,0.033768078604671,0.195622167848477,0.178181470662045,0.13950154852092,0.119269613277143,7,"1987-07"
1987-08-31,0.0184025207050446,0.324628797355506,0.0784898069444959,0.132197854629292,0.0325372674463516,0.144250639710122,0.118234093538314,8,"1987-08"
1987-09-30,0.00943952525911722,0.377068891926144,0.0908021316153378,0.279820125262778,0.04413304649921,0.479454092702592,0.200110885926418,9,"1987-09"
1987-10-31,0.00948612504789187,0.18558218314564,0.317486026666433,0.280066005084816,0.0884159215616863,0.162002947068895,0.154267224706926,10,"1987-10"
1987-11-30,0.0229231753467315,0.0991580149858713,0.417066009350072,0.293486742307659,0.108652890691831,0.051728710619353,0.142713923171273,11,"1987-11"
1987-12-31,0.0247462546878484,0.120074375387811,0.442533690775796,0.2070735584654,0.190481583445947,0.0232324994618001,0.151043040528637,12,"1987-12"
1988-01-31,0.0147061018912966,0.131592621143877,0.590759940487327,0.165128629728614,0.323137603108488,0.0782491501775168,0.198770256923515,1,"1988-01"
1988-02-28,0.0431669744018472,0.158892361647133,0.752068116617927,0.0841903823299986,0.566373547478976,0.0841451656061912,0.270014369643155,2,"1988-02"
1988-03-31,0.0737646355971114,0.122582314434788,0.838494043468823,0.00816050106306587,0.510915978809638,0.00279547920429111,0.24387997988963,3,"1988-03"
1988-04-30,0.0186418279706133,0.139556332493754,0.302914725902349,0.00952922190871942,0.192198370196057,0,0.106195965400859,4,"1988-04"
1988-05-31,0.0187749929709505,0.171523422520541,0.116505460702891,0.0296816155351376,0.190370027388393,0.00274475242268269,0.0943161254479276,5,"1988-05"
1988-06-30,0.0190263229536945,0.0757585006285067,0.422307547858,0.0581972789566795,0.0892118803758249,0.027611399876808,0.096277910609688,6,"1988-06"
1988-07-31,0.00945295466775473,0.0805619243702965,0.143173722053621,0.0172947778287061,0.065624525164394,0.00414291164308911,0.0498366391753582,7,"1988-07"
1988-08-31,0.0179749128266869,0.0574456627681536,0.0964821886864738,0.224625441410107,0.031063598115824,0,0.0640945357541649,8,"1988-08"
1988-09-30,0.0954481426715295,0.0575231592092051,0.0108377568683567,0.400156139153382,0.03916059017101,0.0789561926593769,0.108725936578275,9,"1988-09"
1988-10-31,0.0692651472236815,0.142033612679825,0.0107756214515817,0.461031943731194,0.109638691151615,0.0750314840744958,0.142664788984461,10,"1988-10"
1988-11-30,0.0532334039833745,0.245106665740304,0.0261386852929649,0.316154959781952,0.0985777743875408,0.00301891425803325,0.125782444368145,11,"1988-11"
1988-12-31,0.0368716907438676,0.45295049550316,0.00628799536949992,0.27928290555488,0.0971139141110846,0,0.151703370191449,12,"1988-12"
1989-01-31,0.298405049256652,0.598726473189128,0,0.408041018241495,0.0777110878098958,0.0340434772533196,0.248211191087105,1,"1989-01"
1989-02-28,0.275490472882771,0.622079879786545,0,0.516643639353618,0.209534385911957,0.237450197505054,0.322470529968604,2,"1989-02"
1989-03-31,0.211924718113342,0.621750960052075,0,0.681078283887023,0.17150929949778,0.332206021990187,0.339181046641965,3,"1989-03"
1989-04-30,0.194429838351964,0.392818505096332,0.0122015132213593,0.368102819766336,0.0431807883658061,0.731316584479222,0.280012932829369,4,"1989-04"
1989-05-31,0.148573887084537,0.386753241304329,0.0383494437576393,0.485850029093182,0.11387824310277,0.842383618772979,0.321703483588796,5,"1989-05"
1989-06-30,0.26166200374133,0.349772428061873,0.0658605387528217,0.418642963428545,0.180994826655896,0.882072964477504,0.351212850964121,6,"1989-06"
1989-07-31,0.147797045925432,0.170503921403492,0.122751849273398,0.306868155252747,0.13686242129143,0.883829392569875,0.276984619975245,7,"1989-07"
1989-08-31,0.139298414871458,0.124097342335603,0.0843682477507684,0.153443628678946,0.0825529069103122,0.79933734079477,0.216078488640408,8,"1989-08"
1989-09-30,0.444292579714335,0.149876731797275,0.0844941672999933,0.101317268037561,0.0396025143752348,0.79937794605523,0.263765077006082,9,"1989-09"
1989-10-31,0.50457544657714,0.379310823485561,0.0481151914878576,0.1069158687655,0.0160133523142242,0.180302702816385,0.21845576547748,10,"1989-10"
1989-11-30,0.485244221364224,0.271842526033237,0.135379780027042,0.0976449997066134,0.0179695318697542,0.0404841718504843,0.183646604065467,11,"1989-11"
1989-12-31,0.407740458531603,0.290157238113692,0.194853277398157,0.305286661150658,0.0252910847954414,0.0542657613293272,0.212068535638065,12,"1989-12"
1990-01-31,0.187246026728066,0.308848340829049,0.102267172481161,0.63813576806618,0.0246637908918317,0.119629253483746,0.219541004084105,1,"1990-01"
1990-02-28,0.0889638113202038,0.394059323220951,0.045223314478546,0.680196750487753,0.0132557839719968,0.100857819262363,0.210091507421161,2,"1990-02"
1990-03-31,0.0293271221206635,0.483476935638376,0.0179703881891729,0.871000051804353,0.0934258380378371,0.141866411212284,0.26289890292851,3,"1990-03"
1990-04-30,0.0299461078195964,0.259135086225362,0.00471310076878998,0.791721311484687,0.0965440752092368,0.178594165234068,0.215625624786368,4,"1990-04"
1990-05-31,0.0553530927481995,0.230517813537066,0.05940065241028,0.804348902519453,0.126918233747324,0.341274333760694,0.253753232476246,5,"1990-05"
1990-06-30,0.062837066182932,0.345694062901843,0.0372762287887541,0.78301893135882,0.10432600252917,0.318352188558955,0.262107734271841,6,"1990-06"
1990-07-31,0.0875301450483211,0.388779126869173,0.0863341449278745,0.713778455072695,0.0916896320518938,0.349184410069645,0.271783033113353,7,"1990-07"
1990-08-31,0.354236049066223,0.285394421960128,0.179514923165243,0.786284621258483,0.0816419784127421,0.429912261051101,0.336072859724613,8,"1990-08"
1990-09-30,0.231714304614881,0.239121792864817,0.565467378450115,0.548191645146181,0.0244129392371637,0.153877918059634,0.258758513267791,9,"1990-09"
1990-10-31,0.178365826393589,0.125752576835516,0.558197157730103,0.590679656658464,0.0205894351849726,0.363724046724791,0.262889008189139,10,"1990-10"
1990-11-30,0.123579028884413,0.0518547844082567,0.630891661681763,0.506285271815332,0.0272579073675624,0.42316333251274,0.24465832133621,11,"1990-11"
1990-12-31,0.141004920510236,0.044306211550135,0.532508091321019,0.249327109823442,0.0563136429615881,0.451246630205006,0.209008821466608,12,"1990-12"
1991-01-31,0.109240521875321,0.0494184967064585,0.563335067158135,0.162251307570583,0.0159717749942116,0.459137145173098,0.186637731666046,1,"1991-01"
1991-02-28,0.145616871406711,0.0440447909855174,0.676802366663805,0.0518637332128863,0.030157566068562,0.473494915585228,0.194547540846262,2,"1991-02"
1991-03-31,0.171400914979721,0.00638581071654505,0.305122630046819,0.210255912562085,0.135531598678256,0.289292575201412,0.171308099662762,3,"1991-03"
1991-04-30,0.21516528184898,0.0594795033804045,0.116849191773678,0.187991455192445,0.0989796519249354,0.193380105389584,0.143416511719704,4,"1991-04"
1991-05-31,0.322335627422519,0.151516354310982,0.0535360974125322,0.149859855177446,0.103212052737148,0.0892058551091356,0.154356123182872,5,"1991-05"
1991-06-30,0.160425636644092,0.124023482283801,0.0363173038324867,0.199473311301398,0.0446858835726171,0.0775683299767364,0.108166941260676,6,"1991-06"
1991-07-31,0.199260627789259,0.112502430616823,0.0598312153033398,0.0964035282913674,0.088378517216739,0.114638793620985,0.116413206354017,7,"1991-07"
1991-08-31,0.218474416899666,0.221787581486935,0.0493036547774141,0.0689189211066837,0.0770369054459249,0.0992623150554934,0.129990641478548,8,"1991-08"
1991-09-30,0.244670088602659,0.350685305662165,0.037073493234753,0.0643598004004935,0.0834942253811633,0.302251504889483,0.187350603555385,9,"1991-09"
1991-10-31,0.313604264670076,0.170889276957962,0.0118231126191017,0.0909157948989537,0.0894314721614986,0.164010554190878,0.150788119482894,10,"1991-10"
1991-11-30,0.116946664693534,0.0998953364069,0,0.104936977341407,0.249343694731271,0.217877405150892,0.143187175147746,11,"1991-11"
1991-12-31,0.437627112038968,0.169739525419396,0.0102421996570448,0.135985950816313,0.400709059027654,0.159372184748808,0.249583375841732,12,"1991-12"
1992-01-31,0.45131768165205,0.320397593557897,0,0.260434872621552,0.349855648404869,0.165763902963908,0.286085424948232,1,"1992-01"
1992-02-28,0.352583477022674,0.368974913674576,0,0.353432500582821,0.230853660427292,0.151120907772627,0.260453414095155,2,"1992-02"
1992-03-31,0.197923347509132,0.522661382434223,0,0.310034242428432,0.193873288117691,0.149442042202579,0.242941927528738,3,"1992-03"
1992-04-30,0.103951933251581,0.618509024458641,0,0.509933023314358,0.14655577216599,0.168184600745669,0.263032948139281,4,"1992-04"
1992-05-31,0.18113433199566,0.587728952518393,0,0.642653568782622,0.138948075659645,0.199109368791125,0.29481473204763,5,"1992-05"
1992-06-30,0.261567410990652,0.281132388836701,0.0296130746155976,0.349763847821395,0.20427686269578,0.186981675497471,0.228763636563695,6,"1992-06"
1992-07-31,0.0917545047881453,0.140202709263112,0.0530214731915339,0.26678109070946,0.417061054709477,0.0490927359853587,0.1874131381176,7,"1992-07"
1992-08-31,0.0711910207979653,0.010101850255757,0.0259227553195337,0.358187286419819,0.551150254167882,0.152558275947494,0.214933492683309,8,"1992-08"
1992-09-30,0.151380821300301,0.00831073297192824,0.110694731140846,0.465619731335829,0.591357399868211,0.0176307718861904,0.244654378720108,9,"1992-09"
1992-10-31,0.195280967168088,0.00923690892034945,0.188646857031876,0.225857044421175,0.350373509352312,0.0450844550855076,0.177903873731673,10,"1992-10"
1992-11-30,0.0648540009137795,0.0548291561343335,0.344001538235961,0.153700399748252,0.232880372020535,0.0452694100060914,0.141125675496831,11,"1992-11"
1992-12-31,0.0429484172155431,0.141536746665096,0.190081833378849,0.25991952022669,0.197503695127396,0.0579091091434047,0.144895034678385,12,"1992-12"
1993-01-31,0.00964538140680523,0.298581838253406,0.159424858004153,0.366208098702676,0.113557009406347,0.114695346274784,0.16840692205013,1,"1993-01"
1993-02-28,0.0271596294221716,0.375679267043874,0.0205173982630566,0.318234638197368,0.0290509056773959,0.0863383486794705,0.140610455535056,2,"1993-02"
1993-03-31,0.107291140395937,0.46844741327947,0.0468664211839404,0.127842830525184,0.022629067917343,0.108659456799859,0.150173698086979,3,"1993-03"
1993-04-30,0.133177249397393,0.616896717269108,0,0.308197977983117,0.0367644739888079,0.130140897920331,0.209338028852134,4,"1993-04"
1993-05-31,0.363647741180764,0.399157545936147,0.0634379618791594,0.484637279671054,0.428093789738071,0.0521030277106388,0.323380936567916,5,"1993-05"
1993-06-30,0.346183810197368,0.336224508177352,0.0250367408404335,0.470847073101755,0.092110372934181,0.114011938174999,0.237036951918168,6,"1993-06"
1993-07-31,0.206984421163464,0.188586724499924,0.0147585152189981,0.401218635715694,0.0434397760807557,0.100277000665252,0.158967348762587,7,"1993-07"
1993-08-31,0.0861449942896954,0.197974006206443,0.0115459219398007,0.426275478477739,0.0422611170740661,0.118589165183632,0.142541023457194,8,"1993-08"
1993-09-30,0.0759080169878809,0.102550098748794,0.21826827227319,0.365239888635276,0.0206057494917238,0.113333431712707,0.131729875174527,9,"1993-09"
1993-10-31,0.0898033144529223,0.0978130313914274,0.148228370604442,0.343270538659802,0.0472674835593207,0.233642222629689,0.146093046577379,10,"1993-10"
1993-11-30,0.16160336110038,0.115542483310154,0.362360742496304,0.188244752014906,0.0933768462045765,0.285553996087412,0.182305966910974,11,"1993-11"
1993-12-31,0.102810981862359,0.113863854827119,0.484897336757776,0.199282410250616,0.0926082903994384,0.479194274285489,0.213579434055514,12,"1993-12"
1994-01-31,0.082468977115807,0.102702767664929,0.445909296124647,0.109084288306697,0.0676003045591529,0.281035120450053,0.155755548462212,1,"1994-01"
1994-02-28,0.206293452857885,0.0740517984272238,0.637048629345956,0.115005000542452,0.228621180476525,0.273416421212568,0.23148007424009,2,"1994-02"
1994-03-31,0.0376116318388455,0.160954329039329,0.386932360319905,0.136943112028591,0.240097238607953,0.256445977059448,0.189530398767795,3,"1994-03"
1994-04-30,0.0363209400519298,0.307529619645509,0.291262274052725,0.168493942685982,0.288691940533621,0.230213517413185,0.216646174011295,4,"1994-04"
1994-05-31,0,0.321050779658901,0.0775240665409649,0.18882565945103,0.0372868100466173,0.278613330386906,0.142701735019963,5,"1994-05"
1994-06-30,0.00527890573652008,0.306828122356457,0.00172398749168696,0.276854016605778,0.0406547451824755,0.316265295177712,0.151832237102601,6,"1994-06"
1994-07-31,0.298906708378474,0.460031518125109,0.202342849118732,0.412257778632838,0.257032040682994,0.35288053113412,0.33235988321605,7,"1994-07"
1994-08-31,0.160284539978349,0.685761715347826,0.218332340202813,0.292903808752676,0.163298355492886,0.459668325125771,0.324950377007563,8,"1994-08"
1994-09-30,0.167414135291311,0.174020026987635,0.21995273864155,0.305206068154726,0.381617101929533,0.451063724045687,0.283124103676603,9,"1994-09"
1994-10-31,0.207676390126992,0.114023620104057,0.172608477336858,0.254202515729081,0.406678021649499,0.258250459915778,0.245071167972433,10,"1994-10"
1994-11-30,0.180485445651817,0.154385384628271,0.14523291965656,0.364605812255831,0.495492615010976,0.0471522109752024,0.248936097644399,11,"1994-11"
1994-12-31,0.105488747836057,0.195053950354168,0.284314550275259,0.204263189766139,0.644531072845286,0.0106269367272694,0.261186488674197,12,"1994-12"
1995-01-31,0.0102670271891022,0.213708102655616,0.172020362150555,0.0658339220782093,0.252756131574001,0.00656221330688088,0.12599029184197,1,"1995-01"
1995-02-28,0,0.247463446970862,0,0.0977206487031938,0.133971604338511,0.00658399769042495,0.0894111092154284,2,"1995-02"
1995-03-31,0,0.297591041125156,0,0.0474223960444941,0.0332052790055452,0.00132541350788102,0.0680756125778533,3,"1995-03"
1995-04-30,0,0.503123343112799,0.00210381091914331,0.0486774005095366,0.00556657184147557,0.00276531604182897,0.0996333020032907,4,"1995-04"
1995-05-31,0,0.5188797083996,0.00683769135665543,0.0233173716457655,0.0129192057032149,0.23154341900164,0.13423879539536,5,"1995-05"
1995-06-30,0.00160486360958006,0.414934197520744,0.00683769135665543,0.0124306004996587,0.00917832966389815,0.187703705949933,0.107026223825271,6,"1995-06"
1995-07-31,0.0411336751482173,0.513081500975918,0.000861993745843478,0.143776400240801,0.0692588771517251,0.126099776341901,0.155270691547978,7,"1995-07"
1995-08-31,0.187464498077791,0.496618119123454,0.0299458472395969,0.0758973186682131,0.100007391095025,0.0946742674397806,0.176707657981693,8,"1995-08"
1995-09-30,0.20416514709951,0.367620831790104,0.0651869916525235,0.0535608944971178,0.0895892332414132,0.0273792879087793,0.145290950412662,9,"1995-09"
1995-10-31,0.216301003252777,0.355052604885905,0.018524922981761,0.119875226149797,0.229402032181056,0.154866803334435,0.199392905197066,10,"1995-10"
1995-11-30,0.39466857857624,0.158258875225443,0.0749254979518006,0.101219426421781,0.186540033691098,0.108341620645427,0.186333343031777,11,"1995-11"
1995-12-31,0.628263146719281,0.0766101552960491,0.13363384279507,0.0900944797150459,0.244063813656218,0.344443427742514,0.269611220704265,12,"1995-12"
1996-01-31,0.779163028512905,0.0493295470226894,0.186966627702234,0.0347644792925883,0.218543588418972,0.222649148660526,0.26890015675713,1,"1996-01"
1996-02-28,0.694647111081642,0.0169557738302224,0.314929495882633,0.0441566463371575,0.256461692723632,0.212935939763378,0.268886985945347,2,"1996-02"
1996-03-31,0.856807391686999,0.0589426849193879,0.426090906080278,0.206255205406208,0.412550698577197,0.175843647358876,0.373393926579277,3,"1996-03"
1996-04-30,0.909686705673159,0.0284080637408357,0.628623077627687,0.121317688229574,0.450897142205147,0.0824371211119908,0.383218358574039,4,"1996-04"
1996-05-31,0.766049995544131,0.00200682766662789,0.773072937430423,0.0618744806479076,0.547477833456953,0.126079154740788,0.385186123172432,5,"1996-05"
1996-06-30,0.739351152548234,0.0121740916213652,0.397418006335857,0.126214919780981,0.474402140470318,0.0717251439276401,0.325535496456267,6,"1996-06"
1996-07-31,0.421998227023943,0.142743329312999,0.152515937693675,0.240866421003559,0.343723687266926,0.0506286510201105,0.244172268351212,7,"1996-07"
1996-08-31,0.454523181038664,0.0964436366626009,0.291290013601588,0.310245924326939,0.492732466385597,0.0369802103767893,0.298632846285226,8,"1996-08"
1996-09-30,0.522312407675906,0.0530137202165688,0.361922815874985,0.0519473742463428,0.170566155196815,0.0384267705405484,0.203346055192592,9,"1996-09"
1996-10-31,0.291583323683781,0.0499137464136032,0.403557462651029,0.100868715960191,0.234518799201223,0.0359549542518499,0.182821528985328,10,"1996-10"
1996-11-30,0.193005011144701,0.0874351345625674,0.224282312795978,0.0931997998021587,0.23227543805647,0.114433780565679,0.160166055413818,11,"1996-11"
1996-12-31,0.184921750401372,0.119144276987359,0.18600090728053,0.00218720569998709,0.370555278759714,0.0268531462923852,0.16466320147559,12,"1996-12"
1997-01-31,0.481676086255378,0.144453954539954,0.291896129115465,0.0374141883844515,0.47055935485176,0.0830083501004737,0.274822155761765,1,"1997-01"
1997-02-28,0.22207885017926,0.190038147717149,0.00550009171308322,0.0615895675759854,0.231519448671773,0.146862125609456,0.160175411000363,2,"1997-02"
1997-03-31,0.205523551660074,0.27927500487678,0,0.210458325215511,0.383156439103998,0.0924602169156857,0.219664509898132,3,"1997-03"
1997-04-30,0.326996164219718,0.291967928218041,0,0.24542797393653,0.121141222825661,0.134297168382602,0.199104993621624,4,"1997-04"
1997-05-31,0.251613634944732,0.322387556258218,0,0.239824377306959,0.0753180396861242,0.0714588812492586,0.169634202084656,5,"1997-05"
1997-06-30,0.070511448775999,0.327208447170714,0,0.515259023752164,0.0583560921085631,0.171544487030809,0.185689298179944,6,"1997-06"
1997-07-31,0.0034837284042224,0.488483352124601,0.0222787792342817,0.261606504598012,0.0290600361565804,0.0831135151624835,0.147769568324161,7,"1997-07"
1997-08-31,0.119016706287945,0.196998180052174,0.322490719714442,0.162057891429591,0.128805533775509,0.0477150404375795,0.153597326687909,8,"1997-08"
1997-09-30,0.0989481722828525,0.131042285996243,0.424780957764138,0.159441956224479,0.112577517160121,0.0340207147649135,0.143091087990783,9,"1997-09"
1997-10-31,0.135478129004179,0.11556277655363,0.517030244279224,0.090054620001621,0.0336127282798499,0.00432919197042433,0.125809784236341,10,"1997-10"
1997-11-30,0.211210504170645,0.0112251007819488,0.677257771982419,0.0763259626406047,0.0239666930836876,0.00281358967523919,0.135277223098297,11,"1997-11"
1997-12-31,0.255648001711301,0.00203435689732601,0.6806203515848,0.0109314296595588,0.0645450689923494,0.00281433993199292,0.14221509629675,12,"1997-12"
1998-01-31,0.137589897310761,0.0200082109597032,0.16036914611958,0.134936080033054,0.0159940085106498,0.00840508694437511,0.0728222467772305,1,"1998-01"
1998-02-28,0.120126478792809,0.129795594479052,0.00944833458270258,0.123870086703358,0,0.0483413774499557,0.0731630234959332,2,"1998-02"
1998-03-31,0.0148747654925596,0.126729513381822,0.0248909410299229,0.0427209261599162,0,0.0779926035456505,0.0460905819041053,3,"1998-03"
1998-04-30,0.0105027709764255,0.0533863133114325,0.048171202596649,0.101356694657054,0,0.0194717426492342,0.0345891737144296,4,"1998-04"
1998-05-31,0.00797181362569512,0.116219917953953,0.00337040574137988,0.0895313177743989,0.00749818036363308,0.0103541292952613,0.0390783266717682,5,"1998-05"
1998-06-30,0.0141935637390644,0.304162723885471,0,0.291267835987548,0.041755708657213,0.0292756212689661,0.113479688071179,6,"1998-06"
1998-07-31,0.0489409244873315,0.283026591163282,0.00679887465441895,0.22968584074355,0.0183543800924285,0.064196915367771,0.108219459969663,7,"1998-07"
1998-08-31,0.0219685049344105,0.238753954213491,0.0238054584858805,0.191496410494858,0.0340187250242046,0.0736092736317233,0.0960844658225793,8,"1998-08"
1998-09-30,0.00910023832437212,0.0584056924934677,0.0553349924833504,0.0955133560460713,0.190394011152117,0.0973919561382789,0.088619550806628,9,"1998-09"
1998-10-31,0.00271527376465399,0.109784442880043,0.017771506696348,0.00544998032661058,0.232271484072474,0.239071928682137,0.109263171769123,10,"1998-10"
1998-11-30,0,0.349459555636314,0.0497144683891517,0,0.15019562193341,0.538294702326744,0.180068678438261,11,"1998-11"
1998-12-31,0.00393629686417213,0.364272399206335,0.0513819408175617,0,0.128130321697007,0.48167287836997,0.170574862197935,12,"1998-12"
1999-01-31,0,0.25957760466982,0.0372049977937505,0,0.140668816814958,0.54975982162039,0.162047058416949,1,"1999-01"
1999-02-28,0,0.327683104084344,0.0230965220167611,0,0.0862615008791922,0.482746857411286,0.150973571839279,2,"1999-02"
1999-03-31,0,0.367393797017398,0.0314723706597111,0,0.0963073580940173,0.406638942170916,0.150199707781367,3,"1999-03"
1999-04-30,0.0031554844280129,0.390817062075956,0.0951073506957363,0.0279569641105524,0.0858250401175142,0.340293234027582,0.154162565701131,4,"1999-04"
1999-05-31,0.00426257844325503,0.274171096418169,0.0336045750005107,0.0288825432052861,0.0525068635519726,0.303353625538984,0.113947498666189,5,"1999-05"
1999-06-30,0.00862259462604528,0.246737096127149,0.294177983751371,0.0277311236547962,0.214646365867578,0.319549122079888,0.176706401447023,6,"1999-06"
1999-07-31,0.0673217551344708,0.341870723015821,0.224946652812645,0.0540716557954374,0.466781787344717,0.18310307772252,0.23751579640442,7,"1999-07"
1999-08-31,0.11915080230596,0.369578124056975,0.213180539387673,0.158160328952955,0.460136929240049,0.209878848383507,0.268989021141188,8,"1999-08"
1999-09-30,0.128965834944857,0.318397885032248,0.273364529632518,0.194729504935782,0.496472680869114,0.23088874308253,0.284761497185104,9,"1999-09"
1999-10-31,0.124086108041769,0.197814022721084,0.164578400863067,0.191053118516871,0.443597856806583,0.351308569394605,0.255345091594359,10,"1999-10"
1999-11-30,0.149798052628784,0.0187999238568953,0.163890713847878,0.150788746729705,0.472143841791156,0.369284636797581,0.231144560351049,11,"1999-11"
1999-12-31,0.0530966607487488,0.0129012623400524,0.0283377914894514,0.116050415966092,0.263553153966246,0.414109446764767,0.15138069231918,12,"1999-12"
2000-01-31,0.0355478093663006,0.0374866412972585,0.0220119078831807,0.134303365124745,0.157349780231458,0.292917962359486,0.113174058445745,1,"2000-01"
2000-02-28,0.00944887637148351,0.132272219456131,0.000803673929145814,0.0720086504210361,0.149542766099682,0.347032888979389,0.119864285881149,2,"2000-02"
2000-03-31,0.0109686982459423,0.337954556488606,0,0.0817824980283213,0.0391900987122345,0.559124903190354,0.165034327113948,3,"2000-03"
2000-04-30,0.0103509145680459,0.363201643712141,0,0.0822674518010509,0.0267288555584013,0.560792195876829,0.167020041967955,4,"2000-04"
2000-05-31,0.00080707823958192,0.379476916115216,0,0.120119012428667,0.0282272854677556,0.455359365155358,0.158560924876414,5,"2000-05"
2000-06-30,0.0291151977318866,0.536024236556709,0,0.521499071651222,0.0478491127570147,0.370475856205141,0.242713138337705,6,"2000-06"
2000-07-31,0.00789355103942138,0.351625856186535,0,0.533108047870097,0.0279475120585772,0.543502868356639,0.227767465617243,7,"2000-07"
2000-08-31,0.0398150923894747,0.236202976304352,0,0.624744483576704,0.0328851734650853,0.451217970734246,0.214237618901563,8,"2000-08"
2000-09-30,0.118931761129176,0.184164526510428,0.0215933593715244,0.703940262327645,0.0323825126454387,0.39591219861965,0.226189081262948,9,"2000-09"
2000-10-31,0.115445426033065,0.0871661782825085,0.0721058026919775,0.575239795226286,0.0875003503390663,0.211737149116747,0.180263454111454,10,"2000-10"
2000-11-30,0.0834678396021131,0.0820257500494874,0.195697689943622,0.483430062682151,0.103706452946837,0.328275035509025,0.19388749174961,11,"2000-11"
2000-12-31,0.0680395635063033,0.102186055866106,0.296125807289517,0.444993946497743,0.133878288246309,0.354404394684573,0.210464475514754,12,"2000-12"
2001-01-31,0.154372361840039,0.0589133905443142,0.367390487054095,0.482689653483549,0.443366938812695,0.499149206652089,0.322565760449885,1,"2001-01"
2001-02-28,0.14209581856211,0.0671135424896303,0.23069123785846,0.379344026454683,0.252016207810027,0.508391433215717,0.25050949823179,2,"2001-02"
2001-03-31,0.105340804826053,0.0790500902111699,0.144392553540921,0.300135214704957,0.232974265579974,0.452833050312943,0.212064689840264,3,"2001-03"
2001-04-30,0.0917875229571647,0.156557200183373,0.0648073992664166,0.146274379631083,0.00436804693521035,0.521024555638583,0.151552937331942,4,"2001-04"
2001-05-31,0.116842590822712,0.10621844139367,0,0.0903452791654695,0.0106840589934876,0.243561649563386,0.0931291471422426,5,"2001-05"
2001-06-30,0.145638075234508,0.160399426714851,0.0244804562810475,0.0296250950537823,0.0167489934212413,0.353308661054808,0.119761586303178,6,"2001-06"
2001-07-31,0.0917691304131494,0.296389941512261,0.0121440856810122,0.0244445293190251,0.00459417695585148,0.225465123079816,0.110242756780518,7,"2001-07"
2001-08-31,0.0493239317788018,0.422597755673854,0.0151959783545429,0.151030042928484,0.00388349448914932,0.249570221597893,0.146725740316042,8,"2001-08"
2001-09-30,0.0257700361502468,0.36009273639333,0.114016140196953,0.109387553637716,0.0830052237343008,0.226607617411269,0.149838922674332,9,"2001-09"
2001-10-31,0.0250434388587503,0.329155666327476,0.0785155635364856,0.348967439326793,0.0850139182255165,0.32826802826234,0.190282710652363,10,"2001-10"
2001-11-30,0.0249470518134063,0.332486655685346,0.207643757166455,0.318675401417427,0.119200836072701,0.249625493821136,0.196838765070496,11,"2001-11"
2001-12-31,0.0566555065930857,0.354482544129791,0.198898176082683,0.327888983033946,0.204450008590965,0.0671222002364139,0.199716095859946,12,"2001-12"
